"Alachua, Florida, US"
"Baker, Florida, US"
"Bay, Florida, US"
"Bradford, Florida, US"
"Brevard, Florida, US"
"Broward, Florida, US"
"Calhoun, Florida, US"
"Charlotte, Florida, US"
"Citrus, Florida, US"
"Clay, Florida, US"
"Collier, Florida, US"
"Columbia, Florida, US"
"DeSoto,Florida,US"
"Dixie, Florida, US"
"Duval, Florida, US"
"Escambia, Florida, US"
"Flagler, Florida, US"
"Franklin, Florida, US"
"Gadsden, Florida, US"
"Gilchrist, Florida, US"
"Glades, Florida, US"
"Gulf, Florida, US"
"Hamilton, Florida, US"
"Hardee, Florida, US"
"Hendry, Florida, US"
"Hernando, Florida, US"
"Highlands, Florida, US"
"Hillsborough, Florida, US"
"Holmes, Florida, US"
"Indian River, Florida, US"
"Jackson, Florida, US"
"Jefferson, Florida, US"
"Lafayette, Florida, US"
"Lake, Florida, US"
"Lee, Florida, US"
"Leon, Florida, US"
"Levy, Florida, US"
"Liberty, Florida, US"
"Madison, Florida, US"
"Manatee, Florida, US"
"Marion, Florida, US"
"Martin, Florida, US"
"Miami-Dade, Florida, US"
"Monroe, Florida, US"
"Nassau, Florida, US"
"Okaloosa, Florida, US"
"Okeechobee, Florida, US"
"Orange, Florida, US"
"Osceola, Florida, US"
"Palm Beach, Florida, US"
"Pasco, Florida, US"
"Pinellas, Florida, US"
"Polk, Florida, US"
"Putnam, Florida, US"
"St. Johns, Florida, US"
"St. Lucie, Florida, US"
"Santa Rosa, Florida, US"
"Sarasota, Florida, US"
"Seminole, Florida, US"
"Sumter, Florida, US"
"Suwannee, Florida, US"
"Taylor, Florida, US"
"Union, Florida, US"
"Volusia, Florida, US"
"Wakulla, Florida, US"
"Walton, Florida, US"
"Washington, Florida, US"
